District,Upazila_or_Thana
Pirojpur,Kawkhali
Pirojpur,Mathbaria
Pirojpur,Nazirpur
Pirojpur,Nesarabad
Pirojpur,Pirojpur Sadar
Pirojpur,Zianagar
Brahmanbaria,Akhaura
Brahmanbaria,Ashuganj
Brahmanbaria,Brahmanbaria Sadar
Brahmanbaria,Bancharampur
Brahmanbaria,Bijoynagar
Brahmanbaria,Kasba
Brahmanbaria,Nabinagar
Brahmanbaria,Nasirnagar
Brahmanbaria,Sarail
Bandarban,Alikadam
Bandarban,Bandarban Sadar
Bandarban,Lama
Bandarban,Naikhongchhari
Bandarban,Rowangchari
Bandarban,Ruma
Bandarban,Thanchi
Chandpur,Chandpur Sadar
Chandpur,Faridganj
Chandpur,Haimchar
Chandpur,Hajiganj
Chandpur,Kachua
Chandpur,Matlab (Dakshin)
Chandpur,Matlab (Uttar)
Chandpur,Shahrasti
Chittagong,Anwara
Chittagong,Banskhali
Chittagong,Boalkhali
Chittagong,Chandanish
Chittagong,Fatikchari
Chittagong,Karnaphuli
Chittagong,Lohagara
Chittagong,Mirsharai
Chittagong,Patiya
Chittagong,Rangunia
Chittagong,Raozan
Chittagong,Sandwip
Chittagong,Satkania
Chittagong,Sitakunda
Cox'S Bazar,Chakoria
Cox'S Bazar,Cox's Bazar Sadar
Cox'S Bazar,Kutubdia
Cox'S Bazar,Moheshkhali
Cox'S Bazar,Pekua
Cox'S Bazar,Ramu
Cox'S Bazar,Teknaf
Cox'S Bazar,Ukhiya
Cumilla,Barura
Cumilla,Brahmanpara
Cumilla,Burichong
Cumilla,Chandina
Cumilla,Chauddagram
Cumilla,Cumilla Sadar
Cumilla,Cumilla Sadar Daksin
Cumilla,Daudkandi
Cumilla,Debidwar
Cumilla,Homna
Cumilla,Laksham
Cumilla,Lalmai
Cumilla,Meghna
Cumilla,Monohorganj
Cumilla,Muradnagar
Cumilla,Nangalkot
Cumilla,Titas
Feni,Chhagalniya
Feni,Daganbhuiyan
Barguna,Amtali
Barguna,Bamna
Barguna,Barguna Sadar
Barguna,Betagi
Barguna,Patharghata
Barguna,Taltali
Barishal,Agailjhara
Barishal,Babuganj
Barishal,Bakerganj
Barishal,Banaripara
Barishal,Barishal Sadar
Barishal,Hizla
Barishal,Mehendiganj
Barishal,Muladi
Barishal,Uzirpur
Bhola,Bhola-S
Bhola,Borhanuddin
Bhola,Charfassion
Bhola,Daulatkhan
Bhola,Lalmohan
Bhola,Monpura
Bhola,Tazumuddin
Jhalokathi,Jhalokathi Sadar
Jhalokathi,Kathalia
Jhalokathi,Nalchity
Jhalokathi,Rajapur
Patuakhali,Bauphal
Patuakhali,Dashmina
Patuakhali,Dumki
Patuakhali,Galachipa
Patuakhali,Kalapara
Patuakhali,Mirzaganj
Patuakhali,Patuakhali Sadar
Patuakhali,Rangabali
Pirojpur,Bhandaria
Chittagong,Hathazari
Feni,Feni Sadar
Feni,Fulgazi
Feni,Porshuram
Feni,Sonagazi
Khagrachari,Dighinala
Khagrachari,Guimara
Khagrachari,Khagrachari Sadar
Khagrachari,Laxmichari
Khagrachari,Mahalchari
Khagrachari,Manikchari
Khagrachari,Matiranga
Khagrachari,Panchari
Khagrachari,Ramgarh
 Laxmipur,Komol Nagar
 Laxmipur, Laxmipur Sadar
 Laxmipur,Raipur
 Laxmipur,Ramganj
 Laxmipur,Ramgati
Noakhali,Begumganj
Noakhali,Chatkhil
Noakhali,Companiganj
Noakhali,Hatiya
Noakhali,Kabir Hat
Noakhali,Noakhali Sadar
Noakhali,Senbag
Noakhali,Sonaimuri
Noakhali,Subarna Char
Rangamati,Baghaichari
Rangamati,Barkal
Rangamati,Belaichari
Rangamati,Juraichari
Rangamati,Kaptai
Rangamati,Kaukhali
Rangamati,Langadu
Rangamati,Nanniarchar
Rangamati,Rajosthali
Rangamati,Rangamati Sadar
Dhaka,Dhamrai
Dhaka,Dohar
Dhaka,Keraniganj
Dhaka,Nawabganj
Dhaka,Savar
Faridpur,Alfadanga
Faridpur,Bhanga
Faridpur,Boalmari
Faridpur,Charbhadrasan
Faridpur,Faridpur Sadar
Faridpur,Madhukhali
Faridpur,Nagarkanda
Faridpur,Sadarpur
Faridpur,Saltha
Gazipur,Gazipur Sadar
Gazipur,Kaliakoir
Gazipur,Kaligonj
Gazipur,Kapasia
Gazipur,Sreepur
Gopalganj,Gopalganj Sadar
Gopalganj,Kasiani
Gopalganj,Kotalipara
Gopalganj,Muksudpur
Gopalganj,Tungipara
Kishoreganj,Austagram
Kishoreganj,Bajitpur
Kishoreganj,Bhairab
Kishoreganj,Hossainpur
Kishoreganj,Itna
Kishoreganj,Karimganj
Kishoreganj,Katiadi
Kishoreganj,Kishoreganj Sadar
Kishoreganj,Kuliarchar
Kishoreganj,Mithamoin
Kishoreganj,Nikli
Kishoreganj,Pakundia
Kishoreganj,Tarail
Madaripur,Kalkini
Madaripur,Madaripur Sadar
Madaripur,Rajoir
Madaripur,Shibchar
Manikganj,Daulatpur
Manikganj,Ghior
Manikganj,Harirampur
Manikganj,Manikganj Sadar
Manikganj,Saturia
Manikganj,Shivalaya
Munshiganj,Singair
Munshiganj,Gazaria
Munshiganj,Lauhajong
Munshiganj,Munshiganj Sadar
Munshiganj,Sirajdikhan
Munshiganj,Sreenagar
Munshiganj,Tongibari
Narayanganj,Araihazar
Narayanganj,Bandar
Narayanganj,Narayanganj Sadar
Narayanganj,Rupganj
Narayanganj,Sonargaon
Narshingdi,Belabo
Narshingdi,Monohardi
Narshingdi,Narshingdi Sadar
Narshingdi,Palash
Narshingdi,Raipura
Narshingdi,Shibpur
Rajbari,Baliakandi
Rajbari,Goalanda
Rajbari,Kalukhali
Rajbari,Pangsha
Rajbari,Rajbari Sadar
Shariatpur,Bhedarganj
Shariatpur,Damuddya
Shariatpur,Goshairhat
Shariatpur,Janjira
Shariatpur,Naria
Shariatpur,Shariatpur Sadar
Tangail,Basail
Tangail,Bhuapur
Tangail,Delduar
Tangail,Dhanbari
Tangail,Ghatail
Tangail,Gopalpur
Tangail,Kalihati
Tangail,Madhupur
Tangail,Mirzapur
Tangail,Nagarpur
Tangail,Shakhipur
Tangail,Tangail Sadar
Bagerhat,Bagerhat Sadar
Bagerhat,Chitalmari
Bagerhat,Fakirhat
Bagerhat,Kachua
Bagerhat,Mollahat
Bagerhat,Mongla
Bagerhat,Morrelganj
Bagerhat,Rampal
Bagerhat,Sharankhola
Chuadanga,Alamdanga
Chuadanga,Chuadanga Sadar
Chuadanga,Damurhuda
Chuadanga,Jibannagar
Jashore,Abhoynagar
Jashore,Bagherpara
Jashore,Chowgacha
Jashore,Jashore Sadar
Jashore,Jhikargacha
Jashore,Keshabpur
Jashore,Monirampur
Jashore,Sarsha
Jhenaidah,Harinakunda
Jhenaidah,Jhenaidah Sadar
Jhenaidah,Kaliganj
Jhenaidah,Kotchandpur
Jhenaidah,Moheshpur
Jhenaidah,Shailkupa
Khulna,Batiaghata
Khulna,Dacope
Khulna,Dighalia
Khulna,Dumuria
Khulna,Koira
Khulna,Paikgacha
Khulna,Phultala
Khulna,Rupsa
Khulna,Terokhada
Kushtia,Bheramara
Kushtia,Daulatpur
Kushtia,Khoksha
Kushtia,Kumarkhali
Kushtia,Kushtia Sadar
Kushtia,Mirpur
Magura,Magura Sadar
Magura,Mohammadpur
Magura,Salikha
Magura,Sreepur
Meherpur,Gangni
Meherpur,Meherpur Sadar
Meherpur,Mujibnagar
Narail,Kalia
Narail,Lohagara
Narail,Narail Sadar
Satkhira,Assasuni
Satkhira,Debhata
Satkhira,Kalaroa
Satkhira,Kaliganj
Satkhira,Satkhira Sadar
Satkhira,Shyamnagar
Satkhira,Tala
Jamalpur,Bakshiganj
Jamalpur,Dewanganj
Jamalpur,Islampur
Jamalpur,Jamalpur Sadar
Jamalpur,Madarganj
Jamalpur,Melendah
Jamalpur,Sarishabari
Mymensingh,Bhaluka
Mymensingh,Dhobaura
Mymensingh,Fulbaria
Mymensingh,Gaffargaon
Mymensingh,Gouripur
Mymensingh,Haluaghat
Mymensingh,Ishwarganj
Mymensingh,Muktagacha
Mymensingh,Mymensingh Sadar
Mymensingh,Nandail
Mymensingh,Phulpur
Mymensingh,Tarakanda
Mymensingh,Trishal
Netrakona,Atpara
Netrakona,Barhatta
Netrakona,Durgapur
Netrakona,Kalmakanda
Netrakona,Kendua
Netrakona,Khaliajuri
Netrakona,Madan
Netrakona,Mohanganj
Netrakona,Netrakona Sadar
Netrakona,Purbadhala
Sherpur,Jhenaigati
Sherpur,Nakla
Sherpur,Nalitabari
Sherpur,Sherpur Sadar
Sherpur,Sreebordi
Bogura,Adamdighi
Bogura,Bogura Sadar
Bogura,Dhunot
Bogura,Dhupchancia
Bogura,Gabtali
Bogura,Kahaloo
Bogura,Nandigram
Bogura,Sariakandi
Bogura,Shajahanpur
Bogura,Sherpur
Bogura,Shibganj
Bogura,Sonatala
Chapainawabganj,Bholahat
Chapainawabganj,Gomostapur
Chapainawabganj,Nachol
Chapainawabganj,Nawabganj Sadar
Chapainawabganj,Shibganj
Joypurhat,Akkelpur
Joypurhat,Joypurhat Sadar
Joypurhat,Kalai
Joypurhat,Khetlal
Joypurhat,Panchbibi
Naogaon,Atrai
Naogaon,Badalgachi
Naogaon,Dhamoirhat
Naogaon,Manda
Naogaon,Mohadevpur
Naogaon,Naogaon Sadar
Naogaon,Niamatpur
Naogaon,Patnitala
Naogaon,Porsha
Naogaon,Raninagar
Naogaon,Sapahar
Natore,Bagatipara
Natore,Baraigram
Natore,Gurudaspur
Natore,Lalpur
Natore,Naldanga
Natore,Natore Sadar
Natore,Singra
Pabna,Atghoria
Pabna,Bera
Pabna,Bhangura
Pabna,Chatmohar
Pabna,Faridpur
Pabna,Ishwardi
Pabna,Pabna Sadar
Pabna,Santhia
Pabna,Sujanagar
Rajshahi,Bagha
Rajshahi,Bagmara
Rajshahi,Charghat
Rajshahi,Durgapur
Rajshahi,Godagari
Rajshahi,Mohanpur
Rajshahi,Paba
Rajshahi,Puthia
Rajshahi,Tanore
Sirajganj,Belkuchi
Sirajganj,Chowhali
Sirajganj,Kamarkhanda
Sirajganj,Kazipur
Sirajganj,Raiganj
Sirajganj,Shahzadpur
Sirajganj,Sirajganj Sadar
Sirajganj,Tarash
Sirajganj,Ullapara
Dinajpur,Birampur
Dinajpur,Birganj
Dinajpur,Birol
Dinajpur,Bochaganj
Dinajpur,Chirirbandar
Dinajpur,Dinajpur Sadar
Dinajpur,Fulbari
Dinajpur,Ghoraghat
Dinajpur,Hakimpur
Dinajpur,Kaharol
Dinajpur,Khanshama
Dinajpur,Nawabganj
Dinajpur,Parbatipur
Gaibandha,Fulchari
Gaibandha,Gaibandha Sadar
Gaibandha,Gobindaganj
Gaibandha,Palashbari
Gaibandha,Sadullapur
Gaibandha,Saghata
Gaibandha,Sundarganj
Kurigram,Bhurungamari
Kurigram,Chilmari
Kurigram,Fulbari
Kurigram,Kurigram Sadar
Kurigram,Nageswari
Kurigram,Rajarhat
Kurigram,Char Rajibpur
Kurigram,Rowmari
Kurigram,Ulipur
Lalmonirhat,Aditmari
Lalmonirhat,Hatibandha
Lalmonirhat,Kaliganj
Lalmonirhat,Lalmonirhat Sadar
Lalmonirhat,Patgram
Nilphamari,Dimla
Nilphamari,Domar
Nilphamari,Jaldhaka
Nilphamari,Kishoreganj
Nilphamari,Nilphamari Sadar
Nilphamari,Sayedpur
Panchagarh,Atwari
Panchagarh,Boda
Panchagarh,Debiganj
Panchagarh,Panchagarh Sadar
Panchagarh,Tetulia
Rangpur,Badarganj
Rangpur,Gangachara
Rangpur,Kaunia
Rangpur,Mithapukur
Rangpur,Pirgacha
Rangpur,Pirganj
Rangpur,Rangpur Sadar
Rangpur,Taraganj
Thakurgaon,Baliadangi
Thakurgaon,Haripur
Thakurgaon,Pirganj
Thakurgaon,Ranisankail
Thakurgaon,Thakurgaon Sadar
Habiganj,Ajmiriganj
Habiganj,Bahubal
Habiganj,Baniachong
Habiganj,Chunarughat
Habiganj,Habiganj Sadar
Habiganj,Lakhai
Habiganj,Madhabpur
Habiganj,Nabiganj
Habiganj,Sayestaganj
Moulvibazar,Barlekha
Moulvibazar,Juri
Moulvibazar,Kamalganj
Moulvibazar,Kulaura
Moulvibazar,Moulvibazar Sadar
Moulvibazar,Rajnagar
Moulvibazar,Sreemangal
Sunamganj,Biswamvarpur
Sunamganj,Chatak
Sunamganj,Dakshin Sunamganj
Sunamganj,Derai
Sunamganj,Dharmapasha
Sunamganj,Dowarabazar
Sunamganj,Jagannathpur
Sunamganj,Jamalganj
Sunamganj,Sulla
Sunamganj,Sunamganj Sadar
Sunamganj,Tahirpur
Sylhet,Balaganj
Sylhet,Beanibazar
Sylhet,Biswanath
Sylhet,Companiganj
Sylhet,Dakshin Surma
Sylhet,Fenchuganj
Sylhet,Golapganj
Sylhet,Gowainghat
Sylhet,Jointiapur
Sylhet,Kanaighat
Sylhet,Osmaninagar
Sylhet,Sylhet Sadar
Sylhet,Zakiganj
Barishal,Gournadi
Sunamganj,Doarabazar
Dhaka,Adabar
Dhaka,Uttar Khan
Dhaka,Uttara
Dhaka,Kadamtali
Dhaka,Kalabagan
Dhaka,Kafrul
Dhaka,Kamrangirchar
Dhaka,Cantonment
Dhaka,Kotwali
Dhaka,Khilkhet
Dhaka,Khilgaon
Dhaka,Gulshan
Dhaka,Gandaria
Dhaka,Chawkbazar
Dhaka,Demra
Dhaka,Turag
Dhaka,Tejgaon
Dhaka,Tejgaon Industrial Area
Dhaka,Dakshinkhan
Dhaka,Darus Salam
Dhaka,Dhanmondi
Dhaka,New Market
Dhaka,Paltan
Dhaka,Pallabi
Dhaka,Bangshal
Dhaka,Badda
Dhaka,Bimanbandar
Dhaka,Motijheel
Dhaka,Mirpur
Dhaka,Mohammadpur
Dhaka,Jatrabari
Dhaka,Ramna
Dhaka,Rampura
Dhaka,Lalbagh
Dhaka,Shah Ali
Dhaka,Shahbagh
Dhaka,Sher-e-Bangla Nagar
Dhaka,Shyampur
Dhaka,Sabujbagh
Dhaka,Sutrapur
Dhaka,Hazaribagh
Dhaka,Banani
Dhaka,Bhashantek
Dhaka,Vatara
Dhaka,Mugda
Dhaka,Rupnagar
Dhaka,Wari
Chittagong,Bayejid Bostami
Chittagong,Bakalia
Chittagong,Chandgaon
Chittagong,Chittagong Bandar
Chittagong,Double Mooring
Chittagong,Halishahar
Chittagong,Kotwali
Chittagong,Khulshi
Chittagong,Pahartali
Chittagong,Panchlaish
Chittagong,Patenga
Khulna,Daulatpur
Khulna,Khalishpur
Khulna,Khan Jahan Ali
Khulna,Kotwali
Khulna,Sonadanga
Rajshahi,Boalia
Rajshahi,Matihar
Rajshahi,Rajpara
Rajshahi,Shah Makhdum
